age,name
65,qfge
65,ewmnxm
65,wdbzkyy
65,cuetldy
65,pb
65,en
65,zql
11,et
11,kxrfpy
11,uhdoq
11,rdhj
11,fzfr
11,jb
11,ilujkm
11,bprkbfu
11,vzujh
11,gz
11,xdfifm
11,jwdov
11,ib
11,mqpqh
11,kdl
11,zilw
11,oec
11,jzjv
11,ay
11,eitixnt
11,xjcm
11,rztpup
11,vm
11,dr
11,ip
11,tlkgjl
11,vk
11,mpcrprv
11,za
11,ia
88,usdkbm
88,nqf
88,mg
88,xuaiijf
88,yg
88,mjft
88,gdz
88,kedmw
88,ntwgxz
88,cwkjy
88,gu
88,xgeoeva
88,jaz
88,oahqe
88,rgjd
88,mnkzno
60,ahs
60,bkkqte
60,ooigqt
60,fxgmyf
60,onfbp
60,vwrq
60,anbomv
60,kpwj
60,glvhgqi
20,qtt
20,ppg
20,iemms
20,agvfox
20,vvpe
20,tivgrvo
20,hlqzdw
20,xxkud
20,gcxray
20,cihtzjw
20,zbwuswr
20,efbbzzj
20,pcio
20,exw
20,ab
20,xukwrpc
20,sro
20,nfcxua
20,dokwn
20,tndbl
20,xflgv
64,rlp
64,ijksmpj
64,koufk
64,vl
64,tlm
64,lv
64,ekmdg
64,luch
64,rieliob
64,ffbbr
64,wl
64,oqrp
64,wvhsb
64,ma
64,od
64,lycawjr
64,bugzto
64,udr
64,syzg
64,dm
64,mmxgzb
64,jt
64,gpf
64,ih
64,rtxng
61,soq
61,ke
61,rpczrh
61,lcccg
61,ydrbsv
58,gnxpwk
58,ezvdzqb
58,pwsid
58,veax
58,bcdtpn
58,ipoa
58,ojih
58,byjxm
58,dsoh
58,mgdgrs
58,noq
23,wtr
23,tldxn
23,kabprx
23,pstjtda
23,nefch
23,huyb
23,kwo
23,rjhgpd
23,noxmmv
23,ltoz
23,tfe
25,pvxzzo
25,gpidmh
25,gwsm
25,owcouj
25,kmlvp
25,xsiy
25,ghtwcoh
25,fituoo
25,ft
25,blcphpo
25,htsmq
25,gre
25,tabh
25,hznlast
25,tcla
25,hbhq
25,mufg
25,kbc
25,scogg
25,ddr
25,mo
25,kci
25,ozhbjp
25,uynuef
10,ts
10,rppzut
10,vthy
10,einixxy
10,ngksn
10,hcaft
10,argpum
10,zx
10,mtf
10,teiwjcn
10,dntay
10,cirj
10,msxqtwp
10,ypdxty
10,myxkl
10,dsoaaz
10,ahjwys
10,okzj
10,vmhxa
10,ypezrk
29,bmpgdro
29,dhjfgt
29,ziuv
29,xx
29,hhtr
29,ds
29,ngholvl
29,jrtd
29,hnspd
29,vkhqo
29,srjngg
29,bu
29,tr
29,fro
29,ihhdg
29,vevuux
29,theg
29,rmt
29,bk
29,fv
29,vn
29,hrh
29,gzxd
29,mx
29,hzg
92,ne
92,dpzyci
92,wlgwld
92,wghjy
92,le
92,aya
92,jmjfuf
92,qxyskst
92,chniw
92,dmpu
92,pegh
92,zg
92,vdo
92,ohykw
92,ad
92,bs
92,wysyoai
92,hykezyk
92,zvg
92,mg
92,dc
92,janbgp
92,ws
92,gxyyfst
92,ir
92,wc
92,knlu
92,tibwmxn
92,pfi
53,spcw
53,guovmsd
53,wthbiku
53,ztgpzl
53,pvkiwfc
53,gkg
53,xhnes
53,fjont
53,mde
53,xbpl
53,qs
53,psf
53,aqpwcb
53,pqrpz
53,kkbanet
53,lt
53,omyok
53,erlpw
53,bhh
53,knq
53,eybdq
53,ywdk
53,ppox
53,rks
53,vz
53,bdy
53,nngvfc
92,zor
92,hxxwjhd
92,wgw
92,uzsrao
92,yrogg
92,le
92,okon
92,mglcq
92,ldgwj
92,ovjb
92,zrv
92,jhmv
92,juq
92,ndorghg
92,jkygvab
92,gcpwlvy
92,rifdw
92,dwt
92,nrc
100,rq
100,ixerfvu
100,og
100,dap
100,phhx
100,rtfhpi
100,kudps
100,npa
100,ocu
100,cmthsp
100,yth
100,ceh
19,koiuf
19,ca
19,kpyr
19,owyvvgu
19,fcyfade
19,abxnc
54,tkhjrsb
54,ajbat
54,ztwqp
54,mgwqob
54,espnjaa
54,vliee
54,emso
54,dcw
54,tw
54,wnfs
54,zecveg
54,rm
54,sqfcgqq
54,doar
54,ykkiyw
54,ubcvi
54,um
54,mewsm
54,xhqfst
54,orlx
54,cyt
54,dlhrm
54,twrwei
54,rof
54,yk
54,rgovt
54,bi
90,yrsavk
90,ejrr
90,humqc
90,rq
90,krbszi
90,rvitvey
90,rlt
90,jy
90,sv
90,iwgzpl
90,pbx
90,ne
90,ylhqnmb
90,uorsr
90,sg
90,ner
90,kg
90,refzoo
90,lfddiws
42,le
42,cas
42,atrt
42,xuermw
42,vbst
42,vmifit
42,qdimem
42,oe
42,fqxuwd
42,drroxv
42,blwasxk
42,iaf
42,pyzkup
42,hery
42,zoaijy
7,szqos
7,emp
7,pluxa
7,xkfrm
7,qgmarxq
7,ngpeexi
7,gxwjej
7,sjkvt
7,ojcqq
7,tmqlh
7,ak
7,eaatdo
7,mym
7,ctvp
7,rwtv
7,aqbxwqz
7,ood
7,xgnrm
7,yphg
7,vptvbow
7,kmd
7,loisl
7,kht
7,uxu
7,grasgug
7,vejrij
7,tomsgs
7,ipcujh
7,qilov
51,nkg
51,is
51,sxrskl
51,qyb
51,rxriudr
51,ni
51,vtpm
51,xnqrs
51,tkut
51,xmyu
51,htfzlf
51,kurvc
51,sjddk
51,ej
51,tnwi
51,urj
51,mkpryw
51,sdiubs
51,hhy
51,mlquva
51,br
42,pgjfqe
42,qdisavg
42,gei
42,qu
42,elo
42,nswozi
42,wagverv
42,svol
42,oxc
42,qyeuxu
42,poivfp
42,icgueax
42,pkjrcpa
42,lstdnhm
42,kjbonqv
42,zz
42,warla
42,js
42,asa
42,tyjdhrg
42,pdalwli
42,akty
42,gpi
9,thhlvs
9,ufy
9,hu
9,dh
9,samomf
9,vj
9,zoyuh
9,abj
9,nc
9,sty
9,gcwc
9,uhwp
9,zuaevig
9,jivuwud
9,xyepd
9,imsmbxk
9,nvidzs
9,qaajdc
9,up
9,qbj
9,mlo
9,nccj
9,zc
9,ygazzg
9,jq
9,fmd
9,fa
9,mynna
61,fekcfs
61,qnjp
61,wxeiyc
61,vqc
61,odex
61,pledfq
61,dlbtg
61,evzyp
61,ftls
61,fsf
61,emyvvx
61,tu
61,tcvem
61,xs
61,xvafy
61,gjus
61,eykzutm
61,ygyjdw
61,nbslkcd
61,xtg
61,oghni
61,hqhjx
61,ab
61,fyb
61,mgnf
61,ksdo
61,uh
61,rqdr
61,qwpp
61,xjj
67,ytk
67,mlgue
67,bkmx
67,myelu
67,fxp
67,wwpvq
67,wjjh
67,agkkqj
67,vnwao
67,jsl
67,xuny
67,neuvgm
67,uyki
67,piwy
67,pftmy
67,mmkmdgm
67,sqzq
67,igdx
67,ngmwyud
67,qfc
67,wrw
67,haoptxk
67,idij
67,hpaq
67,gpcx
67,eelpku
67,hg
67,nyewod
67,pfyqrqo
67,esjo
67,zc
67,xwo
67,ocmymc
67,bzuzabu
67,bo
67,gzz
67,sgfvd
67,evozkaj
67,zgpmu
75,xp
75,htqfzue
75,lnja
75,kbw
75,jgkft
75,ss
75,nfnod
75,afhur
75,plwqucq
75,phau
75,zjkws
75,rjw
75,tcfo
75,rqh
75,lloxdk
75,fm
75,vtjtidz
75,hytdfp
75,tppik
75,xbi
75,gjo
75,hgvjvq
75,vb
75,cmzmu
75,ajhx
75,kxs
75,offwylv
75,gfjq
53,hxekj
53,bsn
53,gd
53,tw
53,fpe
53,jgrrsy
53,qn
53,yqax
53,zfqgx
53,eibp
93,fghy
93,abbp
93,nanvic
93,xc
93,ub
93,zxkmjh
93,amqwvg
93,zte
93,hatmoz
93,tlc
93,jpx
93,dut
93,lnoez
93,fffvhv
93,yip
93,kcfjq
93,fwhtsd
93,otyvnei
93,jjpaar
93,xdacb
93,wixnk
93,upvyww
93,xgwlloq
93,xdj
56,xuoozau
56,zipkvam
56,vchh
56,dfnnru
56,cgqiiw
56,fjdjsrx
56,kby
56,ceembw
56,gt
56,au
56,xk
56,fjmz
56,yifefg
56,dl
56,aqd
56,pyg
56,fxps
56,vvt
56,qi
56,sdkkbr
76,hejvlur
76,wui
76,dwcdcxf
76,afdhcw
76,jaucgr
76,zpup
76,xpks
76,wpls
76,udgcy
76,wtfeg
76,va
76,cfhvn
76,rlyd
76,myv
76,qsfihfk
76,joiksfq
91,vaxbk
91,bqr
91,dakx
91,jv
91,xrme
91,wy
91,oamjus
91,ltjgpem
91,xtsaxe
91,pfgqnjt
91,bceynw
91,hjn
91,ngll
91,jqmog
91,goit
91,zdthus
91,gbbpfj
91,oloe
91,tzni
91,xgllv
91,vluo
91,pis
10,att
10,rr
10,jffckjf
10,qjtfun
10,ajc
10,olkgtgo
10,bqyqxzr
10,dg
10,pkej
10,sywjudf
10,bd
10,ck
10,oxr
10,ap
10,yjpijd
10,idssrb
10,rck
10,obqhbo
10,wiofvu
10,qi
10,okv
10,btxl
10,qqre
10,wbk
10,cvrrda
10,fdy
10,zgdzr
10,dn
10,chbcnm
34,ot
34,xnruatx
34,qpjgu
34,kinrkny
34,lotenaa
34,rjfdubp
34,balyo
34,qyasddc
34,ezcmyb
34,dhgzyl
34,rm
34,wek
34,cjfwg
34,lrqilp
34,lnjer
34,hzdvwcd
34,dbr
34,jsm
34,ot
34,ufbqf
34,doidb
34,wiltcl
34,qolcqz
34,nssqrfg
34,xcjvhwe
34,kxzxp
34,hp
34,fmvy
34,gemy
34,mmy
10,xbifcv
10,eqwmv
10,dcq
10,ih
10,lhajlu
10,uamabch
10,vepwv
10,srurhim
10,jm
10,miz
10,ctnhgnq
10,vswyh
10,nqa
10,izy
10,ulz
10,abf
10,oowdfzc
10,uk
10,rcrp
10,qfhmwop
10,cddhdgr
10,wge
10,hhnbho
10,pcdckd
10,ldrz
10,gdcumb
54,hkhmve
54,zkfgg
54,izgxyq
54,rml
54,gtud
54,wuiw
54,nguoa
54,tovgdn
54,roxlsi
54,nsn
54,bvnuk
54,ab
54,mjgs
54,oxhotmr
54,do
54,uhhvq
54,vmz
73,buxr
73,uapo
73,ofuw
73,chtvd
73,rghmj
73,jnzowzk
73,phdwevg
73,eh
73,tyooqo
73,splsf
73,iqrubjg
73,xprdx
73,sdcv
73,wwbkts
73,krfvp
73,fdsaxx
73,ihwjhy
73,jh
73,ajljld
73,cfunjrj
73,uw
73,qy
73,zg
73,jcc
73,vyaont
50,wiof
50,ukswfhm
50,shkmmzv
50,jfjzvwf
50,ftbrzs
50,cexl
50,mmleoi
50,dgxgebn
50,cqju
50,bnhjj
50,ye
50,yjpdo
50,focvv
50,zpuwepp
50,cegw
50,czltv
50,chveks
50,gyqiy
18,qg
18,ifes
18,yi
18,axhds
18,gpgvne
18,xukt
18,vhglbzt
18,engk
18,ljlmc
18,jlbmz
18,ilgixw
18,ppv
18,hpyv
18,rjtalqf
18,cmax
18,thv
18,ir
18,kxyhqba
18,kwckstd
18,kxjnb
18,clptasi
18,qo
61,pzjuh
61,sbfp
61,cfagyr
61,kfyher
61,eudn
61,pdoznf
61,mbwkjq
61,bvy
61,gmwo
61,hitwzm
61,qngtthl
61,brfmq
43,xkjl
43,ys
43,kn
43,jrd
43,envtx
43,pfj
43,kd
43,kfjwnp
65,pxqipaj
65,bawnfq
65,cqmdef
65,adem
65,nqy
65,xov
65,az
65,xm
65,uqxiwh
65,lmwbbi
65,zokh
65,xfgksts
65,cv
65,tpkzbm
65,ypw
65,lmbpb
65,jnklzco
65,yznz
65,kphojg
65,tfxqrq
54,mequg
54,wwb
54,dyd
54,pmrejca
54,yfmfksy
54,pzndebk
54,vd
54,dembrz
54,dfldam
54,qlpi
54,seffn
54,fqtdd
54,silc
54,eoxk
54,rloure
54,oqxllyc
54,wc
54,qzku
54,pfzism
54,hjdv
94,mpjf
94,bttysmt
94,hht
94,pkrruij
94,rp
55,iemfdda
55,hddzt
55,cnjuski
55,fe
55,thgqvj
55,inwwahc
55,qwl
55,zu
55,lyzg
55,thraen
55,mrnma
55,vunjj
55,jy
55,sr
55,pfo
55,kllt
55,bnhhw
55,mooisna
55,mceffwi
55,yawid
55,wl
55,qoigzh
55,agldi
55,mciawrq
55,iv
55,ofbizio
55,umopxq
55,fumxfo
55,mrn
22,lehoi
22,ltmovvb
22,di
22,yfswd
22,zugp
22,atib
22,sv
39,yknuaz
39,rgptqn
39,ezqs
39,liprt
39,nixo
39,bskpjku
39,yyacmtm
39,mspizrp
39,epynviu
39,aooa
39,zuf
39,zca
39,eey
54,jwwv
54,ylkm
54,ye
54,cwxmv
54,ds
54,inusbd
54,jwa
54,lwnzk
77,cysr
77,jgftxni
77,ua
77,sqh
77,umh
77,povh
77,sgm
77,rbxzg
77,eunxv
77,ynzxcaw
77,ambyvt
77,nev
77,pai
77,czkeit
77,ssfgxh
77,fbojy
77,vlyxcwj
77,uqrkyu
77,dswiao
77,kjdq
77,pmzaw
77,zokzo
42,kso
42,mngbi
42,krwube
42,zzea
42,omtz
42,zrncfzh
42,kfgavzs
42,cg
42,quezy
42,gc
42,ux
42,xcsf
42,ifhe
42,zokwk
42,kzymui
42,ks
42,fjyi
42,nkoqhea
10,tmmop
10,kwbffsi
10,vs
10,pdavbf
10,rbkgv
76,mgnju
76,jytznry
76,tk
76,oa
76,as
76,kdylcq
76,jbwxur
78,unbchij
78,vudcmva
78,sc
78,cmn
78,lel
78,kxu
78,qfvrlar
78,ltcxj
78,wb
78,aeeksx
78,loxgsw
